Parameter Value,Best,Worst,Avg
0.3,10037.571254058896,6929.856395148442,9917.90293057651
0.4,9521.745065507996,6908.175436235742,9452.307587794015
0.5,9782.62891835877,7022.327541079832,9707.512467356097
0.7,9778.699981440574,6984.01181112803,9678.549187708313
0.9,9540.026594654104,7091.915663053095,9505.188342315236
