Parameter Value,Best,Worst,Avg
50,9417.875972487305,7014.677981434995,9306.219630391131
100,9763.10708829592,7023.240227520699,9679.441555132966
200,10126.777990078825,7022.327541079832,9982.4066053948
400,10179.480834193213,6960.688081112847,10043.82877133814
500,10212.632798575007,6995.9258210897515,10102.596653708018
